success_rate,search_time
0,4.933333333333334
0,4.933333333333334
